lead_id,rm_notes
L00001,Interested in SIP-based mutual fund plans. Client expressed some doubt about moving forward right now. Asked to be contacted again within the week. Seemed unsure about the firm's track record.
L00002,Wanted to understand AIF risk profile. Client listened but didn't commit either way.
L00003,"Client is still exploring options, non-committal for now. Asked to be contacted again within the week. Asked about alternative investment funds."
L00004,"Client pushed back on several points, unclear if this will progress. Seemed unsure about the firm's track record. Wanted to understand AIF risk profile."
L00005,"Enthusiastic about the proposal, asked for next steps immediately. Wants to close this quickly. Interested in starting a systematic investment plan."
L00006,Wanted to understand AIF risk profile. Asked to be contacted again within the week. Client listened but didn't commit either way.
L00007,Curious about portfolio management services for a larger allocation. Client mentioned they want to invest before month end.
L00008,"Polite conversation, nothing concrete decided. Interested in SIP-based mutual fund plans."
L00009,Asked about mutual fund options. No particular rush on their end. Client listened but didn't commit either way.
L00010,Asked about mutual fund options. Client listened but didn't commit either way. Said timing is important for them right now.
L00011,"Didn't specify a particular product. Client pushed back on several points, unclear if this will progress. Said this isn't the right time given current market conditions. No particular rush on their end."
L00012,"Polite conversation, nothing concrete decided. Didn't specify a particular product. No particular rush on their end."
L00013,"Conversation felt one-sided, client gave short answers. Asked about monthly SIP amounts. Seemed unsure about the firm's track record."
L00014,Didn't specify a particular product. Client said they'd think it over and get back to us.
L00015,Client said they'd think it over and get back to us. Wanted to understand AIF risk profile.
L00016,"Asked about mutual fund options. Client compared us favorably to their current advisor. Said there's no urgency, can revisit in a few months."
L00017,"Wants to wait until after a personal financial event before deciding. Interested in SIP-based mutual fund plans. Conversation felt one-sided, client gave short answers."
L00018,Mentioned they're in no hurry to decide. Client said they'd think it over and get back to us. Interested in SIP-based mutual fund plans.
L00019,"Not very responsive on the call, seemed distracted. Curious about portfolio management services for a larger allocation. Wants to wait until after a personal financial event before deciding."
L00020,"Mentioned they're also evaluating another wealth firm. Asked about monthly SIP amounts. Client pushed back on several points, unclear if this will progress."
L00021,"Interested in starting a systematic investment plan. Wanted more proof of past performance before committing. Client pushed back on several points, unclear if this will progress."
L00022,"Said there's no urgency, can revisit in a few months. Mentioned they're also evaluating another wealth firm. Client pushed back on several points, unclear if this will progress. Asked about monthly SIP amounts."
L00023,"Felt the cost structure was too high for the ticket size. Client pushed back on several points, unclear if this will progress. Wants to close this quickly. Asked about mutual fund options."
L00024,"Not very responsive on the call, seemed distracted. Said this isn't the right time given current market conditions. General interest, no specific product named yet."
L00025,"No particular rush on their end. Asked what PMS minimums look like. Polite conversation, nothing concrete decided."
L00026,Mentioned they're also evaluating another wealth firm. Asked about monthly SIP amounts. Client expressed some doubt about moving forward right now.
L00027,"Client is still exploring options, non-committal for now. Wants to close this quickly. Didn't specify a particular product."
L00028,Didn't specify a particular product. Wants to close this quickly. Client said they'd think it over and get back to us.
L00029,"Polite conversation, nothing concrete decided. Said timing is important for them right now. Interested in starting a systematic investment plan."
L00030,"Asked to be contacted again within the week. Interested in SIP-based mutual fund plans. Standard intro call, no strong signal yet."
L00031,Asked what PMS minimums look like. Client sounded genuinely interested and asked good follow-up questions.
L00032,Asked about monthly SIP amounts. Client expressed some doubt about moving forward right now. Mentioned they're also evaluating another wealth firm. Mentioned they're in no hurry to decide.
L00033,Interested in starting a systematic investment plan. Client sounded genuinely interested and asked good follow-up questions.
L00034,"Asked about monthly SIP amounts. Enthusiastic about the proposal, asked for next steps immediately."
L00035,Client listened but didn't commit either way. Interested in SIP-based mutual fund plans.
L00036,"Asked to be contacted again within the week. Interested in starting a systematic investment plan. Client is still exploring options, non-committal for now."
L00037,Client mentioned they want to invest before month end. Asked what PMS minimums look like.
L00038,"Very engaged on the call, seems ready to move forward soon. Mentioned they're in no hurry to decide. Curious about portfolio management services for a larger allocation."
L00039,"Enthusiastic about the proposal, asked for next steps immediately. Asked about mutual fund options."
L00040,Client sounded genuinely interested and asked good follow-up questions. Asked about mutual fund options.
L00041,Interested in starting a systematic investment plan. Wants to wait until after a personal financial event before deciding. Client expressed some doubt about moving forward right now. Mentioned they're in no hurry to decide.
L00042,Client listened but didn't commit either way. Asked about mutual fund options.
L00043,Client said they'd think it over and get back to us. Asked to be contacted again within the week. Didn't specify a particular product.
L00044,Mentioned they're in no hurry to decide. Interested in starting a systematic investment plan. Client said they'd think it over and get back to us.
L00045,Asked what PMS minimums look like. Client sounded genuinely interested and asked good follow-up questions. Asked to be contacted again within the week.
L00046,"Didn't specify a particular product. Enthusiastic about the proposal, asked for next steps immediately."
L00047,"Wants to close this quickly. Raised concerns about fees compared to other options. Not very responsive on the call, seemed distracted. Curious about portfolio management services for a larger allocation."
L00048,Client sounded genuinely interested and asked good follow-up questions. No particular rush on their end. Asked what PMS minimums look like.
L00049,"Wants to close this quickly. Client pushed back on several points, unclear if this will progress. Asked about mutual fund options. Wants to wait until after a personal financial event before deciding."
L00050,"Didn't specify a particular product. Conversation felt one-sided, client gave short answers. Said a competing advisor already made a similar pitch."
L00051,Client expressed some doubt about moving forward right now. Didn't specify a particular product. Felt the cost structure was too high for the ticket size. No particular rush on their end.
L00052,"Asked to be contacted again within the week. Standard intro call, no strong signal yet. General interest, no specific product named yet."
L00053,Interested in starting a systematic investment plan. Said this isn't the right time given current market conditions. Client seemed hesitant and raised concerns.
L00054,"Didn't specify a particular product. Polite conversation, nothing concrete decided."
L00055,Didn't specify a particular product. Client listened but didn't commit either way.
L00056,"Polite conversation, nothing concrete decided. Wants to close this quickly. Curious about portfolio management services for a larger allocation."
L00057,"Asked about monthly SIP amounts. Client is still exploring options, non-committal for now. Asked to be contacted again within the week."
L00058,Interested in SIP-based mutual fund plans. Asked to be contacted again within the week. Client compared us favorably to their current advisor.
L00059,"Asked about alternative investment funds. Enthusiastic about the proposal, asked for next steps immediately."
L00060,Client seemed hesitant and raised concerns. Asked about monthly SIP amounts. Raised concerns about fees compared to other options.
L00061,"Polite conversation, nothing concrete decided. Asked about mutual fund options."
L00062,"Asked about monthly SIP amounts. Mentioned they're in no hurry to decide. Polite conversation, nothing concrete decided."
L00063,Asked about mutual fund options. Client said they'd think it over and get back to us.
L00064,Client compared us favorably to their current advisor. Curious about portfolio management services for a larger allocation.
L00065,"Standard intro call, no strong signal yet. Said there's no urgency, can revisit in a few months. Interested in starting a systematic investment plan."
L00066,"Standard intro call, no strong signal yet. Interested in SIP-based mutual fund plans. Mentioned they're in no hurry to decide."
L00067,"Client is still exploring options, non-committal for now. Asked about mutual fund options."
L00068,Mentioned they're in no hurry to decide. Didn't specify a particular product. Said this isn't the right time given current market conditions. Client expressed some doubt about moving forward right now.
L00069,Asked what PMS minimums look like. Client listened but didn't commit either way.
L00070,"Wants to close this quickly. Curious about portfolio management services for a larger allocation. Client is still exploring options, non-committal for now."
L00071,"Asked about mutual fund options. Enthusiastic about the proposal, asked for next steps immediately."
L00072,"Polite conversation, nothing concrete decided. Asked about mutual fund options. Said timing is important for them right now."
L00073,Client said they'd think it over and get back to us. Wanted to understand AIF risk profile.
L00074,"Enthusiastic about the proposal, asked for next steps immediately. Wants to close this quickly. Asked about monthly SIP amounts."
L00075,Client listened but didn't commit either way. Interested in starting a systematic investment plan.
L00076,"Asked about mutual fund options. Client is still exploring options, non-committal for now."
L00077,Said timing is important for them right now. Interested in starting a systematic investment plan. Client mentioned they want to invest before month end.
L00078,"Said there's no urgency, can revisit in a few months. Asked about mutual fund options. Polite conversation, nothing concrete decided."
L00079,Interested in SIP-based mutual fund plans. Mentioned they're also evaluating another wealth firm. Client seemed hesitant and raised concerns.
L00080,"Standard intro call, no strong signal yet. No particular rush on their end. Didn't specify a particular product."
L00081,"Very engaged on the call, seems ready to move forward soon. Interested in starting a systematic investment plan."
L00082,Interested in SIP-based mutual fund plans. Client mentioned they want to invest before month end. Asked to be contacted again within the week.
L00083,"Interested in starting a systematic investment plan. Enthusiastic about the proposal, asked for next steps immediately. Wants to close this quickly."
L00084,Asked about mutual fund options. Client mentioned they want to invest before month end.
L00085,Client said they'd think it over and get back to us. Asked about alternative investment funds.
L00086,Asked about monthly SIP amounts. Client listened but didn't commit either way. Wants to close this quickly.
L00087,"Positive tone throughout, comfortable discussing larger ticket sizes. General interest, no specific product named yet."
L00088,"Very engaged on the call, seems ready to move forward soon. Asked what PMS minimums look like."
L00089,"Mentioned they're in no hurry to decide. Client is still exploring options, non-committal for now. Interested in starting a systematic investment plan."
L00090,"Interested in SIP-based mutual fund plans. Asked to be contacted again within the week. Polite conversation, nothing concrete decided."
L00091,Interested in SIP-based mutual fund plans. Client said they'd think it over and get back to us.
L00092,"Very engaged on the call, seems ready to move forward soon. Asked about mutual fund options."
L00093,Asked about mutual fund options. Client expressed some doubt about moving forward right now. Felt the cost structure was too high for the ticket size.
L00094,"Interested in SIP-based mutual fund plans. Mentioned they're in no hurry to decide. Polite conversation, nothing concrete decided."
L00095,"General interest, no specific product named yet. Felt the cost structure was too high for the ticket size. Said timing is important for them right now. Not very responsive on the call, seemed distracted."
L00096,"Enthusiastic about the proposal, asked for next steps immediately. Asked what PMS minimums look like."
L00097,"Polite conversation, nothing concrete decided. Asked about mutual fund options."
L00098,Client listened but didn't commit either way. Interested in SIP-based mutual fund plans.
L00099,Asked about monthly SIP amounts. Client said they'd think it over and get back to us.
L00100,"General interest, no specific product named yet. Asked to be contacted again within the week. Enthusiastic about the proposal, asked for next steps immediately."
L00101,"Client is still exploring options, non-committal for now. Asked what PMS minimums look like. Said timing is important for them right now."
L00102,"Standard intro call, no strong signal yet. Interested in starting a systematic investment plan."
L00103,Asked about alternative investment funds. Client listened but didn't commit either way.
L00104,"Conversation felt one-sided, client gave short answers. Wants to wait until after a personal financial event before deciding. Asked to be contacted again within the week. Interested in starting a systematic investment plan."
L00105,"Interested in starting a systematic investment plan. Polite conversation, nothing concrete decided."
L00106,Said timing is important for them right now. Curious about portfolio management services for a larger allocation. Client mentioned they want to invest before month end.
L00107,"Not very responsive on the call, seemed distracted. General interest, no specific product named yet. Wanted more proof of past performance before committing."
L00108,Asked about monthly SIP amounts. Client listened but didn't commit either way. Mentioned they're in no hurry to decide.
L00109,"Client is still exploring options, non-committal for now. Asked about monthly SIP amounts."
L00110,"Conversation felt one-sided, client gave short answers. Interested in SIP-based mutual fund plans. Asked to be contacted again within the week. Felt the cost structure was too high for the ticket size."
L00111,"Asked about monthly SIP amounts. Wants to close this quickly. Client is still exploring options, non-committal for now."
L00112,Client listened but didn't commit either way. Interested in SIP-based mutual fund plans.
L00113,Client mentioned they want to invest before month end. Interested in SIP-based mutual fund plans.
L00114,"Interested in SIP-based mutual fund plans. Not very responsive on the call, seemed distracted. Seemed unsure about the firm's track record."
L00115,Curious about portfolio management services for a larger allocation. Mentioned they're in no hurry to decide. Client listened but didn't commit either way.
L00116,Interested in SIP-based mutual fund plans. No particular rush on their end. Client seemed hesitant and raised concerns. Said a competing advisor already made a similar pitch.
L00117,"Asked about mutual fund options. Positive tone throughout, comfortable discussing larger ticket sizes."
L00118,"Polite conversation, nothing concrete decided. Curious about portfolio management services for a larger allocation."
L00119,"No particular rush on their end. Polite conversation, nothing concrete decided. Asked about mutual fund options."
L00120,Asked about monthly SIP amounts. Client sounded genuinely interested and asked good follow-up questions.
L00121,Interested in SIP-based mutual fund plans. Said timing is important for them right now. Client listened but didn't commit either way.
L00122,"Client is still exploring options, non-committal for now. Curious about portfolio management services for a larger allocation."
L00123,Asked about monthly SIP amounts. Client listened but didn't commit either way. Wants to close this quickly.
L00124,Mentioned they're in no hurry to decide. Client said they'd think it over and get back to us. Curious about portfolio management services for a larger allocation.
L00125,Client compared us favorably to their current advisor. Curious about portfolio management services for a larger allocation. No particular rush on their end.
L00126,"Said timing is important for them right now. Client compared us favorably to their current advisor. General interest, no specific product named yet."
L00127,Mentioned they're in no hurry to decide. Asked about mutual fund options. Client listened but didn't commit either way.
L00128,"Asked about alternative investment funds. Client pushed back on several points, unclear if this will progress. Wants to wait until after a personal financial event before deciding."
L00129,"Asked about monthly SIP amounts. Standard intro call, no strong signal yet."
L00130,"Wants to wait until after a personal financial event before deciding. Not very responsive on the call, seemed distracted. Asked what PMS minimums look like."
L00131,Didn't specify a particular product. Client said they'd think it over and get back to us. Said timing is important for them right now.
L00132,"Not very responsive on the call, seemed distracted. Said timing is important for them right now. Mentioned they're also evaluating another wealth firm. General interest, no specific product named yet."
L00133,Client listened but didn't commit either way. Interested in starting a systematic investment plan.
L00134,Interested in starting a systematic investment plan. Client sounded genuinely interested and asked good follow-up questions.
L00135,"Interested in SIP-based mutual fund plans. Polite conversation, nothing concrete decided. Asked to be contacted again within the week."
L00136,"Polite conversation, nothing concrete decided. Asked about alternative investment funds."
L00137,"Client pushed back on several points, unclear if this will progress. Raised concerns about fees compared to other options. No particular rush on their end. Interested in starting a systematic investment plan."
L00138,"Client is still exploring options, non-committal for now. Interested in starting a systematic investment plan."
L00139,"Interested in SIP-based mutual fund plans. Standard intro call, no strong signal yet."
L00140,"Said a competing advisor already made a similar pitch. Client seemed hesitant and raised concerns. General interest, no specific product named yet."
L00141,Interested in starting a systematic investment plan. Client said they'd think it over and get back to us.
L00142,"Said timing is important for them right now. Didn't specify a particular product. Enthusiastic about the proposal, asked for next steps immediately."
L00143,"Asked to be contacted again within the week. Polite conversation, nothing concrete decided. Interested in starting a systematic investment plan."
L00144,"Didn't specify a particular product. Client is still exploring options, non-committal for now. Mentioned they're in no hurry to decide."
L00145,"Client is still exploring options, non-committal for now. Wants to close this quickly. Curious about portfolio management services for a larger allocation."
L00146,"Mentioned they're also evaluating another wealth firm. Asked about monthly SIP amounts. Conversation felt one-sided, client gave short answers. Asked to be contacted again within the week."
L00147,Client seemed hesitant and raised concerns. Wanted to understand AIF risk profile. Wanted more proof of past performance before committing.
L00148,Asked about alternative investment funds. Client listened but didn't commit either way. Wants to close this quickly.
L00149,Client compared us favorably to their current advisor. Curious about portfolio management services for a larger allocation. Asked to be contacted again within the week.
L00150,"Standard intro call, no strong signal yet. Asked about mutual fund options."
L00151,Said this isn't the right time given current market conditions. Client seemed hesitant and raised concerns. Didn't specify a particular product.
L00152,"Wanted more proof of past performance before committing. Not very responsive on the call, seemed distracted. Said there's no urgency, can revisit in a few months. Asked about alternative investment funds."
L00153,"Said timing is important for them right now. Interested in starting a systematic investment plan. Client is still exploring options, non-committal for now."
L00154,Interested in starting a systematic investment plan. Client listened but didn't commit either way.
L00155,Client compared us favorably to their current advisor. Didn't specify a particular product. Wants to close this quickly.
L00156,"Client is still exploring options, non-committal for now. Asked about mutual fund options. Mentioned they're in no hurry to decide."
L00157,"General interest, no specific product named yet. Client pushed back on several points, unclear if this will progress. Wants to close this quickly. Said this isn't the right time given current market conditions."
L00158,"Wants to close this quickly. Asked about mutual fund options. Polite conversation, nothing concrete decided."
L00159,"Asked about monthly SIP amounts. Polite conversation, nothing concrete decided."
L00160,"Client pushed back on several points, unclear if this will progress. Seemed unsure about the firm's track record. Asked to be contacted again within the week. Asked about mutual fund options."
L00161,"Mentioned they're in no hurry to decide. Client pushed back on several points, unclear if this will progress. Interested in starting a systematic investment plan. Felt the cost structure was too high for the ticket size."
L00162,Raised concerns about fees compared to other options. Client seemed hesitant and raised concerns. Interested in SIP-based mutual fund plans.
L00163,"No particular rush on their end. Polite conversation, nothing concrete decided. General interest, no specific product named yet."
L00164,"Wants to wait until after a personal financial event before deciding. Asked about alternative investment funds. Conversation felt one-sided, client gave short answers."
L00165,Said timing is important for them right now. Client listened but didn't commit either way. Asked about monthly SIP amounts.
L00166,Client sounded genuinely interested and asked good follow-up questions. Wanted to understand AIF risk profile.
L00167,"Asked what PMS minimums look like. Mentioned they're in no hurry to decide. Very engaged on the call, seems ready to move forward soon."
L00168,Said this isn't the right time given current market conditions. Client expressed some doubt about moving forward right now. Interested in SIP-based mutual fund plans.
L00169,"Asked about monthly SIP amounts. Not very responsive on the call, seemed distracted. Felt the cost structure was too high for the ticket size."
L00170,"Interested in SIP-based mutual fund plans. Polite conversation, nothing concrete decided."
L00171,Client expressed some doubt about moving forward right now. No particular rush on their end. Asked about alternative investment funds. Said a competing advisor already made a similar pitch.
L00172,Interested in SIP-based mutual fund plans. Client mentioned they want to invest before month end.
L00173,Client said they'd think it over and get back to us. Asked about monthly SIP amounts.
L00174,Said a competing advisor already made a similar pitch. Client seemed hesitant and raised concerns. Asked about mutual fund options.
L00175,"Wants to wait until after a personal financial event before deciding. Conversation felt one-sided, client gave short answers. No particular rush on their end. Asked about monthly SIP amounts."
L00176,Client mentioned they want to invest before month end. Interested in SIP-based mutual fund plans.
L00177,Didn't specify a particular product. Client seemed hesitant and raised concerns. Mentioned they're also evaluating another wealth firm.
L00178,"Client pushed back on several points, unclear if this will progress. Asked to be contacted again within the week. Said a competing advisor already made a similar pitch. Asked about monthly SIP amounts."
L00179,"Interested in SIP-based mutual fund plans. Felt the cost structure was too high for the ticket size. Conversation felt one-sided, client gave short answers."
L00180,Client mentioned they want to invest before month end. No particular rush on their end. Asked about mutual fund options.
L00181,Client compared us favorably to their current advisor. Wanted to understand AIF risk profile.
L00182,"Didn't specify a particular product. Said there's no urgency, can revisit in a few months. Client is still exploring options, non-committal for now."
L00183,"Standard intro call, no strong signal yet. Asked about mutual fund options."
L00184,"General interest, no specific product named yet. Client seemed hesitant and raised concerns. Raised concerns about fees compared to other options."
L00185,Asked about monthly SIP amounts. Client said they'd think it over and get back to us.
L00186,"Asked about mutual fund options. Asked to be contacted again within the week. Very engaged on the call, seems ready to move forward soon."
L00187,"General interest, no specific product named yet. Conversation felt one-sided, client gave short answers. Mentioned they're also evaluating another wealth firm."
L00188,Client listened but didn't commit either way. Interested in SIP-based mutual fund plans.
L00189,"Asked about mutual fund options. Felt the cost structure was too high for the ticket size. Client pushed back on several points, unclear if this will progress. Said there's no urgency, can revisit in a few months."
L00190,No particular rush on their end. Client listened but didn't commit either way. Asked what PMS minimums look like.
L00191,Client said they'd think it over and get back to us. Asked to be contacted again within the week. Interested in SIP-based mutual fund plans.
L00192,Client listened but didn't commit either way. Interested in SIP-based mutual fund plans.
L00193,"Said there's no urgency, can revisit in a few months. Client compared us favorably to their current advisor. Curious about portfolio management services for a larger allocation."
L00194,Client listened but didn't commit either way. Mentioned they're in no hurry to decide. Interested in starting a systematic investment plan.
L00195,Didn't specify a particular product. Client mentioned they want to invest before month end.
L00196,"General interest, no specific product named yet. Enthusiastic about the proposal, asked for next steps immediately."
L00197,"Asked about monthly SIP amounts. Enthusiastic about the proposal, asked for next steps immediately. Said timing is important for them right now."
L00198,"General interest, no specific product named yet. Positive tone throughout, comfortable discussing larger ticket sizes."
L00199,Client mentioned they want to invest before month end. Interested in starting a systematic investment plan.
L00200,"No particular rush on their end. Asked about mutual fund options. Polite conversation, nothing concrete decided."
L00201,Client seemed hesitant and raised concerns. Mentioned they're also evaluating another wealth firm. Asked about monthly SIP amounts.
L00202,"Didn't specify a particular product. Positive tone throughout, comfortable discussing larger ticket sizes."
L00203,"Said timing is important for them right now. Not very responsive on the call, seemed distracted. Interested in starting a systematic investment plan. Wants to wait until after a personal financial event before deciding."
L00204,Said timing is important for them right now. Client expressed some doubt about moving forward right now. Mentioned they're also evaluating another wealth firm. Asked about mutual fund options.
L00205,Wanted to understand AIF risk profile. Asked to be contacted again within the week. Client compared us favorably to their current advisor.
L00206,"Said timing is important for them right now. Interested in starting a systematic investment plan. Standard intro call, no strong signal yet."
L00207,Interested in starting a systematic investment plan. Client listened but didn't commit either way.
L00208,"Mentioned they're in no hurry to decide. Asked about monthly SIP amounts. Conversation felt one-sided, client gave short answers. Said a competing advisor already made a similar pitch."
L00209,Asked about monthly SIP amounts. Said timing is important for them right now. Client mentioned they want to invest before month end.
L00210,"Client is still exploring options, non-committal for now. Interested in starting a systematic investment plan."
L00211,"Polite conversation, nothing concrete decided. Interested in SIP-based mutual fund plans. No particular rush on their end."
L00212,Client compared us favorably to their current advisor. Interested in starting a systematic investment plan.
L00213,"Interested in SIP-based mutual fund plans. Conversation felt one-sided, client gave short answers. Felt the cost structure was too high for the ticket size."
L00214,"No particular rush on their end. Asked about mutual fund options. Positive tone throughout, comfortable discussing larger ticket sizes."
L00215,"Wants to wait until after a personal financial event before deciding. Said timing is important for them right now. Asked about monthly SIP amounts. Client pushed back on several points, unclear if this will progress."
L00216,Asked about monthly SIP amounts. Client sounded genuinely interested and asked good follow-up questions.
L00217,Client compared us favorably to their current advisor. Asked about monthly SIP amounts.
L00218,No particular rush on their end. Didn't specify a particular product. Client sounded genuinely interested and asked good follow-up questions.
L00219,"Client is still exploring options, non-committal for now. Interested in starting a systematic investment plan."
L00220,"Interested in starting a systematic investment plan. Raised concerns about fees compared to other options. Client pushed back on several points, unclear if this will progress. Mentioned they're in no hurry to decide."
L00221,Felt the cost structure was too high for the ticket size. Client seemed hesitant and raised concerns. Interested in SIP-based mutual fund plans.
L00222,"Conversation felt one-sided, client gave short answers. Curious about portfolio management services for a larger allocation. Said timing is important for them right now. Felt the cost structure was too high for the ticket size."
L00223,"Asked about monthly SIP amounts. Very engaged on the call, seems ready to move forward soon. Wants to close this quickly."
L00224,Asked about mutual fund options. Client mentioned they want to invest before month end.
L00225,Client listened but didn't commit either way. Asked about alternative investment funds.
L00226,Client seemed hesitant and raised concerns. Interested in SIP-based mutual fund plans. Mentioned they're also evaluating another wealth firm. No particular rush on their end.
L00227,"Asked about monthly SIP amounts. Said timing is important for them right now. Raised concerns about fees compared to other options. Conversation felt one-sided, client gave short answers."
L00228,"Not very responsive on the call, seemed distracted. No particular rush on their end. Asked about monthly SIP amounts. Said this isn't the right time given current market conditions."
L00229,"Asked about mutual fund options. Not very responsive on the call, seemed distracted. Said this isn't the right time given current market conditions."
L00230,Said a competing advisor already made a similar pitch. Interested in SIP-based mutual fund plans. Client seemed hesitant and raised concerns.
L00231,"Standard intro call, no strong signal yet. Said timing is important for them right now. Asked about mutual fund options."
L00232,"Asked about monthly SIP amounts. Standard intro call, no strong signal yet."
L00233,Interested in SIP-based mutual fund plans. Client mentioned they want to invest before month end.
L00234,"Said timing is important for them right now. Not very responsive on the call, seemed distracted. General interest, no specific product named yet. Wants to wait until after a personal financial event before deciding."
L00235,Client sounded genuinely interested and asked good follow-up questions. Asked about mutual fund options. Wants to close this quickly.
L00236,Mentioned they're in no hurry to decide. Client sounded genuinely interested and asked good follow-up questions. Interested in SIP-based mutual fund plans.
L00237,"Interested in starting a systematic investment plan. Very engaged on the call, seems ready to move forward soon."
L00238,"Interested in starting a systematic investment plan. Not very responsive on the call, seemed distracted. Said this isn't the right time given current market conditions."
L00239,"Wants to close this quickly. Interested in starting a systematic investment plan. Very engaged on the call, seems ready to move forward soon."
L00240,"Standard intro call, no strong signal yet. General interest, no specific product named yet."
L00241,"Said this isn't the right time given current market conditions. Not very responsive on the call, seemed distracted. Interested in SIP-based mutual fund plans."
L00242,Interested in starting a systematic investment plan. Said timing is important for them right now. Client compared us favorably to their current advisor.
L00243,Client listened but didn't commit either way. Wanted to understand AIF risk profile.
L00244,Client sounded genuinely interested and asked good follow-up questions. Didn't specify a particular product.
L00245,"General interest, no specific product named yet. Enthusiastic about the proposal, asked for next steps immediately."
L00246,"Didn't specify a particular product. Positive tone throughout, comfortable discussing larger ticket sizes."
L00247,"Interested in starting a systematic investment plan. Said there's no urgency, can revisit in a few months. Client sounded genuinely interested and asked good follow-up questions."
L00248,Raised concerns about fees compared to other options. Asked about monthly SIP amounts. Wants to close this quickly. Client seemed hesitant and raised concerns.
L00249,Client listened but didn't commit either way. Interested in SIP-based mutual fund plans.
L00250,"Polite conversation, nothing concrete decided. Didn't specify a particular product."
L00251,"Conversation felt one-sided, client gave short answers. Wanted to understand AIF risk profile. Said there's no urgency, can revisit in a few months. Wanted more proof of past performance before committing."
L00252,Said timing is important for them right now. Interested in SIP-based mutual fund plans. Client mentioned they want to invest before month end.
L00253,Client listened but didn't commit either way. Asked to be contacted again within the week. Asked about monthly SIP amounts.
L00254,Interested in SIP-based mutual fund plans. Asked to be contacted again within the week. Client compared us favorably to their current advisor.
L00255,"General interest, no specific product named yet. Felt the cost structure was too high for the ticket size. Wants to close this quickly. Conversation felt one-sided, client gave short answers."
L00256,Interested in SIP-based mutual fund plans. Client sounded genuinely interested and asked good follow-up questions.
L00257,Didn't specify a particular product. Client said they'd think it over and get back to us.
L00258,"Conversation felt one-sided, client gave short answers. Felt the cost structure was too high for the ticket size. General interest, no specific product named yet."
L00259,Client compared us favorably to their current advisor. Interested in SIP-based mutual fund plans.
L00260,Client listened but didn't commit either way. Asked about monthly SIP amounts. Asked to be contacted again within the week.
L00261,Interested in starting a systematic investment plan. Client sounded genuinely interested and asked good follow-up questions. Asked to be contacted again within the week.
L00262,Client listened but didn't commit either way. Asked about alternative investment funds.
L00263,Wants to wait until after a personal financial event before deciding. Interested in starting a systematic investment plan. Client seemed hesitant and raised concerns.
L00264,"Polite conversation, nothing concrete decided. Interested in starting a systematic investment plan."
L00265,"Interested in SIP-based mutual fund plans. Said there's no urgency, can revisit in a few months. Client expressed some doubt about moving forward right now. Felt the cost structure was too high for the ticket size."
L00266,"Said there's no urgency, can revisit in a few months. Client sounded genuinely interested and asked good follow-up questions. Didn't specify a particular product."
L00267,Asked to be contacted again within the week. Client listened but didn't commit either way. Asked about mutual fund options.
L00268,"Standard intro call, no strong signal yet. Asked about mutual fund options."
L00269,"Wants to close this quickly. Standard intro call, no strong signal yet. Curious about portfolio management services for a larger allocation."
L00270,Client seemed hesitant and raised concerns. Wanted more proof of past performance before committing. Asked about monthly SIP amounts.
L00271,"Said timing is important for them right now. Client pushed back on several points, unclear if this will progress. Asked about mutual fund options. Mentioned they're also evaluating another wealth firm."
L00272,"Client compared us favorably to their current advisor. General interest, no specific product named yet."
L00273,"Said a competing advisor already made a similar pitch. Conversation felt one-sided, client gave short answers. Wants to close this quickly. Curious about portfolio management services for a larger allocation."
L00274,Interested in SIP-based mutual fund plans. Client compared us favorably to their current advisor.
L00275,"Said timing is important for them right now. Conversation felt one-sided, client gave short answers. Mentioned they're also evaluating another wealth firm. Didn't specify a particular product."
L00276,"Enthusiastic about the proposal, asked for next steps immediately. General interest, no specific product named yet."
L00277,Seemed unsure about the firm's track record. Client seemed hesitant and raised concerns. Wanted to understand AIF risk profile.
L00278,Asked about monthly SIP amounts. Wants to wait until after a personal financial event before deciding. Client seemed hesitant and raised concerns.
L00279,Wanted more proof of past performance before committing. Client seemed hesitant and raised concerns. Asked about monthly SIP amounts.
L00280,"No particular rush on their end. Conversation felt one-sided, client gave short answers. Interested in starting a systematic investment plan. Wanted more proof of past performance before committing."
L00281,"Interested in starting a systematic investment plan. Polite conversation, nothing concrete decided."
L00282,"Asked about mutual fund options. Not very responsive on the call, seemed distracted. Wanted more proof of past performance before committing."
L00283,Felt the cost structure was too high for the ticket size. Client seemed hesitant and raised concerns. Interested in SIP-based mutual fund plans.
L00284,"Said timing is important for them right now. Curious about portfolio management services for a larger allocation. Standard intro call, no strong signal yet."
L00285,"Client is still exploring options, non-committal for now. Asked about monthly SIP amounts."
L00286,Client said they'd think it over and get back to us. Asked about monthly SIP amounts.
L00287,"Said this isn't the right time given current market conditions. Asked about monthly SIP amounts. Said timing is important for them right now. Client pushed back on several points, unclear if this will progress."
L00288,"General interest, no specific product named yet. Wants to wait until after a personal financial event before deciding. Client pushed back on several points, unclear if this will progress."
L00289,Asked about monthly SIP amounts. Client said they'd think it over and get back to us.
L00290,"Asked about monthly SIP amounts. Conversation felt one-sided, client gave short answers. Mentioned they're also evaluating another wealth firm."
L00291,"Conversation felt one-sided, client gave short answers. Felt the cost structure was too high for the ticket size. Asked about alternative investment funds."
L00292,"Enthusiastic about the proposal, asked for next steps immediately. Interested in starting a systematic investment plan."
L00293,"Positive tone throughout, comfortable discussing larger ticket sizes. Curious about portfolio management services for a larger allocation. No particular rush on their end."
L00294,"Polite conversation, nothing concrete decided. Interested in SIP-based mutual fund plans."
L00295,Wants to wait until after a personal financial event before deciding. Curious about portfolio management services for a larger allocation. Said timing is important for them right now. Client expressed some doubt about moving forward right now.
L00296,Wants to close this quickly. Interested in SIP-based mutual fund plans. Client mentioned they want to invest before month end.
L00297,Client said they'd think it over and get back to us. Asked about mutual fund options.
L00298,"Client pushed back on several points, unclear if this will progress. Curious about portfolio management services for a larger allocation. Wants to close this quickly. Said a competing advisor already made a similar pitch."
L00299,Asked what PMS minimums look like. Client said they'd think it over and get back to us.
L00300,"Polite conversation, nothing concrete decided. General interest, no specific product named yet."
L00301,Wanted to understand AIF risk profile. Client said they'd think it over and get back to us.
L00302,Client said they'd think it over and get back to us. Interested in SIP-based mutual fund plans. Wants to close this quickly.
L00303,Client compared us favorably to their current advisor. Interested in starting a systematic investment plan.
L00304,"Wanted more proof of past performance before committing. Conversation felt one-sided, client gave short answers. Interested in SIP-based mutual fund plans."
L00305,Mentioned they're in no hurry to decide. Wanted to understand AIF risk profile. Client listened but didn't commit either way.
L00306,"Positive tone throughout, comfortable discussing larger ticket sizes. Asked about mutual fund options."
L00307,Interested in starting a systematic investment plan. Said this isn't the right time given current market conditions. Client seemed hesitant and raised concerns.
L00308,"Client pushed back on several points, unclear if this will progress. Asked about mutual fund options. Wanted more proof of past performance before committing."
L00309,Wants to close this quickly. Curious about portfolio management services for a larger allocation. Client listened but didn't commit either way.
L00310,Interested in SIP-based mutual fund plans. Client sounded genuinely interested and asked good follow-up questions. Mentioned they're in no hurry to decide.
L00311,"Client is still exploring options, non-committal for now. Asked about monthly SIP amounts."
L00312,Asked about alternative investment funds. Client sounded genuinely interested and asked good follow-up questions.
L00313,Client said they'd think it over and get back to us. Interested in starting a systematic investment plan.
L00314,"Interested in starting a systematic investment plan. Standard intro call, no strong signal yet."
L00315,"General interest, no specific product named yet. Client seemed hesitant and raised concerns. Raised concerns about fees compared to other options."
L00316,"Seemed unsure about the firm's track record. Not very responsive on the call, seemed distracted. Asked about mutual fund options."
L00317,Said timing is important for them right now. Didn't specify a particular product. Client said they'd think it over and get back to us.
L00318,"Conversation felt one-sided, client gave short answers. Interested in starting a systematic investment plan. Said this isn't the right time given current market conditions."
L00319,"Interested in starting a systematic investment plan. Asked to be contacted again within the week. Standard intro call, no strong signal yet."
L00320,Asked about mutual fund options. Client mentioned they want to invest before month end.
L00321,"Asked about monthly SIP amounts. Seemed unsure about the firm's track record. Client pushed back on several points, unclear if this will progress."
L00322,"Client is still exploring options, non-committal for now. Asked about monthly SIP amounts. Said there's no urgency, can revisit in a few months."
L00323,"Polite conversation, nothing concrete decided. Asked about monthly SIP amounts."
L00324,Said timing is important for them right now. Interested in starting a systematic investment plan. Client expressed some doubt about moving forward right now. Wants to wait until after a personal financial event before deciding.
L00325,Client said they'd think it over and get back to us. Interested in starting a systematic investment plan.
L00326,No particular rush on their end. Asked about monthly SIP amounts. Client listened but didn't commit either way.
L00327,"Said timing is important for them right now. Interested in starting a systematic investment plan. Enthusiastic about the proposal, asked for next steps immediately."
L00328,"Curious about portfolio management services for a larger allocation. Polite conversation, nothing concrete decided. Asked to be contacted again within the week."
L00329,Asked about monthly SIP amounts. Client expressed some doubt about moving forward right now. Wanted more proof of past performance before committing.
L00330,Asked about mutual fund options. Client compared us favorably to their current advisor.
L00331,"General interest, no specific product named yet. Client compared us favorably to their current advisor."
L00332,"Client is still exploring options, non-committal for now. Interested in starting a systematic investment plan."
L00333,"Asked to be contacted again within the week. Standard intro call, no strong signal yet. Interested in starting a systematic investment plan."
L00334,"Client pushed back on several points, unclear if this will progress. Wanted more proof of past performance before committing. Interested in starting a systematic investment plan. Asked to be contacted again within the week."
L00335,Client mentioned they want to invest before month end. Asked about mutual fund options.
L00336,"Wants to close this quickly. General interest, no specific product named yet. Client mentioned they want to invest before month end."
L00337,"Asked what PMS minimums look like. Polite conversation, nothing concrete decided."
L00338,Didn't specify a particular product. Client compared us favorably to their current advisor.
L00339,Asked about mutual fund options. Client listened but didn't commit either way. Asked to be contacted again within the week.
L00340,"Not very responsive on the call, seemed distracted. Said this isn't the right time given current market conditions. Interested in SIP-based mutual fund plans."
L00341,"Said timing is important for them right now. Polite conversation, nothing concrete decided. Asked what PMS minimums look like."
L00342,Asked to be contacted again within the week. Didn't specify a particular product. Client listened but didn't commit either way.
L00343,"Polite conversation, nothing concrete decided. Wanted to understand AIF risk profile."
L00344,"Enthusiastic about the proposal, asked for next steps immediately. Asked about mutual fund options."
L00345,Asked about monthly SIP amounts. Said a competing advisor already made a similar pitch. Client expressed some doubt about moving forward right now. Said timing is important for them right now.
L00346,"Curious about portfolio management services for a larger allocation. Wants to close this quickly. Client is still exploring options, non-committal for now."
L00347,"Curious about portfolio management services for a larger allocation. Wanted more proof of past performance before committing. Not very responsive on the call, seemed distracted."
L00348,"Standard intro call, no strong signal yet. General interest, no specific product named yet."
L00349,"Interested in SIP-based mutual fund plans. Client is still exploring options, non-committal for now."
L00350,Client said they'd think it over and get back to us. Interested in SIP-based mutual fund plans.
L00351,"Conversation felt one-sided, client gave short answers. Mentioned they're also evaluating another wealth firm. Asked to be contacted again within the week. Interested in SIP-based mutual fund plans."
L00352,"Interested in starting a systematic investment plan. Client is still exploring options, non-committal for now."
L00353,"Didn't specify a particular product. Polite conversation, nothing concrete decided."
L00354,Asked what PMS minimums look like. Client listened but didn't commit either way.
L00355,"Asked about mutual fund options. Said a competing advisor already made a similar pitch. Not very responsive on the call, seemed distracted."
L00356,"Very engaged on the call, seems ready to move forward soon. Mentioned they're in no hurry to decide. Asked about mutual fund options."
L00357,"Interested in starting a systematic investment plan. Client is still exploring options, non-committal for now."
L00358,"Didn't specify a particular product. Raised concerns about fees compared to other options. Conversation felt one-sided, client gave short answers."
L00359,"Wants to close this quickly. Asked about mutual fund options. Positive tone throughout, comfortable discussing larger ticket sizes."
L00360,Client said they'd think it over and get back to us. Asked about mutual fund options. Asked to be contacted again within the week.
L00361,"Positive tone throughout, comfortable discussing larger ticket sizes. Interested in SIP-based mutual fund plans."
L00362,"Client pushed back on several points, unclear if this will progress. No particular rush on their end. Interested in SIP-based mutual fund plans. Said this isn't the right time given current market conditions."
L00363,"Said timing is important for them right now. Polite conversation, nothing concrete decided. Interested in SIP-based mutual fund plans."
L00364,"Mentioned they're also evaluating another wealth firm. Interested in SIP-based mutual fund plans. Conversation felt one-sided, client gave short answers. Said there's no urgency, can revisit in a few months."
L00365,"Didn't specify a particular product. Wants to wait until after a personal financial event before deciding. Said there's no urgency, can revisit in a few months. Client seemed hesitant and raised concerns."
L00366,"Enthusiastic about the proposal, asked for next steps immediately. Interested in SIP-based mutual fund plans. Said there's no urgency, can revisit in a few months."
L00367,"Conversation felt one-sided, client gave short answers. Seemed unsure about the firm's track record. Said there's no urgency, can revisit in a few months. Interested in starting a systematic investment plan."
L00368,"Asked about mutual fund options. Said this isn't the right time given current market conditions. Client pushed back on several points, unclear if this will progress."
L00369,Asked about mutual fund options. Client listened but didn't commit either way.
L00370,Interested in SIP-based mutual fund plans. Client sounded genuinely interested and asked good follow-up questions.
L00371,Said a competing advisor already made a similar pitch. Interested in SIP-based mutual fund plans. Client expressed some doubt about moving forward right now. Wants to close this quickly.
L00372,"Asked about mutual fund options. Polite conversation, nothing concrete decided. Asked to be contacted again within the week."
L00373,"Asked what PMS minimums look like. Asked to be contacted again within the week. Standard intro call, no strong signal yet."
L00374,"Asked about alternative investment funds. Client listened but didn't commit either way. Said there's no urgency, can revisit in a few months."
L00375,Said timing is important for them right now. Asked about mutual fund options. Client listened but didn't commit either way.
L00376,"Interested in starting a systematic investment plan. Standard intro call, no strong signal yet."
L00377,"Client said they'd think it over and get back to us. Wants to close this quickly. General interest, no specific product named yet."
L00378,Client said they'd think it over and get back to us. Asked about mutual fund options.
L00379,"Client pushed back on several points, unclear if this will progress. Asked about alternative investment funds. No particular rush on their end. Said this isn't the right time given current market conditions."
L00380,"Positive tone throughout, comfortable discussing larger ticket sizes. Asked about monthly SIP amounts."
L00381,"Not very responsive on the call, seemed distracted. General interest, no specific product named yet. Felt the cost structure was too high for the ticket size."
L00382,"Curious about portfolio management services for a larger allocation. Client is still exploring options, non-committal for now."
L00383,Client sounded genuinely interested and asked good follow-up questions. Asked to be contacted again within the week. Asked about monthly SIP amounts.
L00384,"Asked to be contacted again within the week. Asked about monthly SIP amounts. Said a competing advisor already made a similar pitch. Client pushed back on several points, unclear if this will progress."
L00385,"Wants to close this quickly. Positive tone throughout, comfortable discussing larger ticket sizes. Wanted to understand AIF risk profile."
L00386,Client seemed hesitant and raised concerns. Didn't specify a particular product. Wants to close this quickly. Said this isn't the right time given current market conditions.
L00387,Seemed unsure about the firm's track record. Client expressed some doubt about moving forward right now. Asked about mutual fund options.
L00388,Seemed unsure about the firm's track record. No particular rush on their end. Client seemed hesitant and raised concerns. Asked what PMS minimums look like.
L00389,Client said they'd think it over and get back to us. Interested in SIP-based mutual fund plans.
L00390,"Client pushed back on several points, unclear if this will progress. Mentioned they're also evaluating another wealth firm. Interested in SIP-based mutual fund plans."
L00391,"Client sounded genuinely interested and asked good follow-up questions. General interest, no specific product named yet."
L00392,Client expressed some doubt about moving forward right now. Said this isn't the right time given current market conditions. Asked about mutual fund options. Wants to close this quickly.
L00393,"Wants to close this quickly. Said a competing advisor already made a similar pitch. Interested in starting a systematic investment plan. Client pushed back on several points, unclear if this will progress."
L00394,"Asked about monthly SIP amounts. Client listened but didn't commit either way. Said there's no urgency, can revisit in a few months."
L00395,"Wants to wait until after a personal financial event before deciding. Client pushed back on several points, unclear if this will progress. Interested in SIP-based mutual fund plans."
L00396,Curious about portfolio management services for a larger allocation. Said a competing advisor already made a similar pitch. Client expressed some doubt about moving forward right now.
L00397,Asked about monthly SIP amounts. Client sounded genuinely interested and asked good follow-up questions. Mentioned they're in no hurry to decide.
L00398,"Said timing is important for them right now. Asked about monthly SIP amounts. Client is still exploring options, non-committal for now."
L00399,Client expressed some doubt about moving forward right now. Said timing is important for them right now. Raised concerns about fees compared to other options. Asked about monthly SIP amounts.
L00400,"Asked what PMS minimums look like. Raised concerns about fees compared to other options. Conversation felt one-sided, client gave short answers."
L00401,No particular rush on their end. Client sounded genuinely interested and asked good follow-up questions. Interested in SIP-based mutual fund plans.
L00402,Asked about mutual fund options. Client said they'd think it over and get back to us.
L00403,Didn't specify a particular product. Client compared us favorably to their current advisor.
L00404,Asked about mutual fund options. Wants to wait until after a personal financial event before deciding. Client expressed some doubt about moving forward right now.
L00405,Said timing is important for them right now. Client listened but didn't commit either way. Asked what PMS minimums look like.
L00406,"Client pushed back on several points, unclear if this will progress. Mentioned they're in no hurry to decide. Wanted more proof of past performance before committing. Didn't specify a particular product."
L00407,Client sounded genuinely interested and asked good follow-up questions. Mentioned they're in no hurry to decide. Asked about mutual fund options.
L00408,"Interested in starting a systematic investment plan. No particular rush on their end. Client pushed back on several points, unclear if this will progress. Mentioned they're also evaluating another wealth firm."
L00409,"Wants to close this quickly. General interest, no specific product named yet. Client listened but didn't commit either way."
L00410,"Polite conversation, nothing concrete decided. Asked about monthly SIP amounts."
L00411,"Wants to wait until after a personal financial event before deciding. Said there's no urgency, can revisit in a few months. Client seemed hesitant and raised concerns. Interested in SIP-based mutual fund plans."
L00412,"Interested in starting a systematic investment plan. Raised concerns about fees compared to other options. Client pushed back on several points, unclear if this will progress."
L00413,"Said timing is important for them right now. Very engaged on the call, seems ready to move forward soon. Asked about mutual fund options."
L00414,"Asked about mutual fund options. Conversation felt one-sided, client gave short answers. Wanted more proof of past performance before committing."
L00415,"Seemed unsure about the firm's track record. Interested in starting a systematic investment plan. Conversation felt one-sided, client gave short answers."
L00416,"Wants to wait until after a personal financial event before deciding. General interest, no specific product named yet. No particular rush on their end. Conversation felt one-sided, client gave short answers."
L00417,"Polite conversation, nothing concrete decided. Interested in SIP-based mutual fund plans."
L00418,"Wants to close this quickly. Very engaged on the call, seems ready to move forward soon. Asked what PMS minimums look like."
L00419,Interested in SIP-based mutual fund plans. Client mentioned they want to invest before month end.
L00420,Didn't specify a particular product. Client said they'd think it over and get back to us.
L00421,"Curious about portfolio management services for a larger allocation. Positive tone throughout, comfortable discussing larger ticket sizes."
L00422,"Standard intro call, no strong signal yet. Interested in SIP-based mutual fund plans."
L00423,"Positive tone throughout, comfortable discussing larger ticket sizes. Said there's no urgency, can revisit in a few months. Asked about mutual fund options."
L00424,"Interested in starting a systematic investment plan. Enthusiastic about the proposal, asked for next steps immediately."
L00425,Asked about monthly SIP amounts. Client said they'd think it over and get back to us.
L00426,"Client pushed back on several points, unclear if this will progress. Curious about portfolio management services for a larger allocation. Said this isn't the right time given current market conditions."
L00427,Wanted to understand AIF risk profile. Client seemed hesitant and raised concerns. Wants to close this quickly. Said a competing advisor already made a similar pitch.
L00428,"Client listened but didn't commit either way. General interest, no specific product named yet. Wants to close this quickly."
L00429,"Client is still exploring options, non-committal for now. Asked about mutual fund options."
L00430,"Standard intro call, no strong signal yet. Asked to be contacted again within the week. Asked about alternative investment funds."
L00431,"Said there's no urgency, can revisit in a few months. Client compared us favorably to their current advisor. Asked about monthly SIP amounts."
L00432,Asked about mutual fund options. No particular rush on their end. Client expressed some doubt about moving forward right now. Wanted more proof of past performance before committing.
L00433,"Interested in SIP-based mutual fund plans. Wants to wait until after a personal financial event before deciding. No particular rush on their end. Not very responsive on the call, seemed distracted."
L00434,Mentioned they're in no hurry to decide. Client said they'd think it over and get back to us. Asked about monthly SIP amounts.
L00435,"Asked about mutual fund options. Said there's no urgency, can revisit in a few months. Client listened but didn't commit either way."
L00436,"Conversation felt one-sided, client gave short answers. Raised concerns about fees compared to other options. Asked about mutual fund options."
L00437,Client mentioned they want to invest before month end. Asked about mutual fund options.
L00438,"Interested in SIP-based mutual fund plans. Said there's no urgency, can revisit in a few months. Mentioned they're also evaluating another wealth firm. Conversation felt one-sided, client gave short answers."
L00439,"Polite conversation, nothing concrete decided. General interest, no specific product named yet. No particular rush on their end."
L00440,Interested in starting a systematic investment plan. Client expressed some doubt about moving forward right now. Felt the cost structure was too high for the ticket size.
L00441,"Standard intro call, no strong signal yet. Asked about monthly SIP amounts."
L00442,"Said this isn't the right time given current market conditions. Asked about monthly SIP amounts. Conversation felt one-sided, client gave short answers."
L00443,"Standard intro call, no strong signal yet. Didn't specify a particular product."
L00444,"Asked about mutual fund options. Client pushed back on several points, unclear if this will progress. Said this isn't the right time given current market conditions."
L00445,"Interested in starting a systematic investment plan. Very engaged on the call, seems ready to move forward soon."
L00446,"Wanted more proof of past performance before committing. General interest, no specific product named yet. Client pushed back on several points, unclear if this will progress."
L00447,"Said timing is important for them right now. Client is still exploring options, non-committal for now. Asked about mutual fund options."
L00448,"Not very responsive on the call, seemed distracted. Felt the cost structure was too high for the ticket size. Asked what PMS minimums look like. Mentioned they're in no hurry to decide."
L00449,Asked about mutual fund options. Client mentioned they want to invest before month end.
L00450,Said a competing advisor already made a similar pitch. Curious about portfolio management services for a larger allocation. Client expressed some doubt about moving forward right now.
L00451,Said a competing advisor already made a similar pitch. Didn't specify a particular product. Client expressed some doubt about moving forward right now.
L00452,"Asked about mutual fund options. Polite conversation, nothing concrete decided."
L00453,"Enthusiastic about the proposal, asked for next steps immediately. Interested in SIP-based mutual fund plans."
L00454,"Interested in SIP-based mutual fund plans. Enthusiastic about the proposal, asked for next steps immediately."
L00455,Asked what PMS minimums look like. Client mentioned they want to invest before month end.
L00456,Asked to be contacted again within the week. Asked about mutual fund options. Client compared us favorably to their current advisor.
L00457,Seemed unsure about the firm's track record. Client seemed hesitant and raised concerns. Asked to be contacted again within the week. Interested in starting a systematic investment plan.
L00458,"Asked to be contacted again within the week. Said this isn't the right time given current market conditions. Conversation felt one-sided, client gave short answers. Asked about monthly SIP amounts."
L00459,Seemed unsure about the firm's track record. Asked to be contacted again within the week. Client seemed hesitant and raised concerns. Interested in SIP-based mutual fund plans.
L00460,Asked what PMS minimums look like. Client listened but didn't commit either way.
L00461,"Asked about monthly SIP amounts. Very engaged on the call, seems ready to move forward soon. Mentioned they're in no hurry to decide."
L00462,Mentioned they're in no hurry to decide. Client sounded genuinely interested and asked good follow-up questions. Asked about alternative investment funds.
L00463,"Wants to close this quickly. Client is still exploring options, non-committal for now. Interested in starting a systematic investment plan."
L00464,"Client pushed back on several points, unclear if this will progress. Asked to be contacted again within the week. Asked what PMS minimums look like. Raised concerns about fees compared to other options."
L00465,"Standard intro call, no strong signal yet. Curious about portfolio management services for a larger allocation."
L00466,"Asked about mutual fund options. Standard intro call, no strong signal yet. Said timing is important for them right now."
L00467,"General interest, no specific product named yet. Raised concerns about fees compared to other options. Client seemed hesitant and raised concerns."
L00468,Client compared us favorably to their current advisor. Interested in SIP-based mutual fund plans.
L00469,"Polite conversation, nothing concrete decided. Asked what PMS minimums look like."
L00470,Asked about monthly SIP amounts. Client listened but didn't commit either way. Said timing is important for them right now.
L00471,Asked about monthly SIP amounts. Raised concerns about fees compared to other options. Client seemed hesitant and raised concerns.
L00472,Interested in starting a systematic investment plan. Client listened but didn't commit either way.
L00473,Interested in starting a systematic investment plan. Client said they'd think it over and get back to us.
L00474,"Asked about alternative investment funds. Client pushed back on several points, unclear if this will progress. Mentioned they're also evaluating another wealth firm."
L00475,"Very engaged on the call, seems ready to move forward soon. Asked what PMS minimums look like. Said timing is important for them right now."
L00476,Wants to close this quickly. Interested in SIP-based mutual fund plans. Client listened but didn't commit either way.
L00477,Client said they'd think it over and get back to us. Interested in starting a systematic investment plan.
L00478,"Wants to close this quickly. Asked about monthly SIP amounts. Polite conversation, nothing concrete decided."
L00479,"Client said they'd think it over and get back to us. Asked to be contacted again within the week. General interest, no specific product named yet."
L00480,"Client compared us favorably to their current advisor. Said there's no urgency, can revisit in a few months. Interested in SIP-based mutual fund plans."
L00481,Client sounded genuinely interested and asked good follow-up questions. Asked about mutual fund options. Said timing is important for them right now.
L00482,Interested in SIP-based mutual fund plans. Wanted more proof of past performance before committing. Client seemed hesitant and raised concerns.
L00483,"Interested in SIP-based mutual fund plans. Said timing is important for them right now. Standard intro call, no strong signal yet."
L00484,Client seemed hesitant and raised concerns. Asked about mutual fund options. Raised concerns about fees compared to other options.
L00485,No particular rush on their end. Wanted to understand AIF risk profile. Client sounded genuinely interested and asked good follow-up questions.
L00486,Asked about monthly SIP amounts. Client listened but didn't commit either way. Said timing is important for them right now.
L00487,Client said they'd think it over and get back to us. Mentioned they're in no hurry to decide. Asked about alternative investment funds.
L00488,"Client pushed back on several points, unclear if this will progress. Mentioned they're also evaluating another wealth firm. Curious about portfolio management services for a larger allocation."
L00489,Wanted to understand AIF risk profile. Client seemed hesitant and raised concerns. Wants to wait until after a personal financial event before deciding.
L00490,"Asked about monthly SIP amounts. Client is still exploring options, non-committal for now. No particular rush on their end."
L00491,"Not very responsive on the call, seemed distracted. Asked about monthly SIP amounts. Seemed unsure about the firm's track record."
L00492,Curious about portfolio management services for a larger allocation. Wants to wait until after a personal financial event before deciding. Said timing is important for them right now. Client seemed hesitant and raised concerns.
L00493,Said timing is important for them right now. Interested in starting a systematic investment plan. Client listened but didn't commit either way.
L00494,"Mentioned they're also evaluating another wealth firm. Said there's no urgency, can revisit in a few months. Asked about mutual fund options. Not very responsive on the call, seemed distracted."
L00495,"Not very responsive on the call, seemed distracted. Interested in SIP-based mutual fund plans. Said a competing advisor already made a similar pitch."
L00496,"Mentioned they're also evaluating another wealth firm. Asked about mutual fund options. Conversation felt one-sided, client gave short answers."
L00497,"General interest, no specific product named yet. Asked to be contacted again within the week. Very engaged on the call, seems ready to move forward soon."
L00498,"Said this isn't the right time given current market conditions. Conversation felt one-sided, client gave short answers. Interested in starting a systematic investment plan."
L00499,Interested in starting a systematic investment plan. Client compared us favorably to their current advisor.
L00500,Curious about portfolio management services for a larger allocation. Client said they'd think it over and get back to us.
